,Name,Party,Congress
0,politician_1,Party A,15th
1,politician_2,Party A,15th
2,politician_3,Party A,15th
3,politician_4,Party A,15th
4,politician_5,Party A,15th
5,politician_6,Party A,15th
6,politician_7,Party A,15th
7,politician_8,Party A,15th
8,politician_9,Party A,15th
9,politician_10,Party A,15th
10,politician_11,Party A,15th
11,politician_12,Party A,15th
12,politician_13,Party A,15th
13,politician_14,Party A,15th
14,politician_15,Party A,15th
15,politician_16,Party A,15th
16,politician_17,Party A,15th
17,politician_18,Party A,15th
18,politician_19,Party A,15th
19,politician_20,Party A,15th
20,politician_21,Party A,15th
21,politician_22,Party A,15th
22,politician_23,Party A,15th
23,politician_24,Party A,15th
24,politician_25,Party A,15th
25,politician_26,Party A,15th
26,politician_27,Party A,15th
27,politician_28,Party A,15th
28,politician_29,Party A,15th
29,politician_30,Party A,15th
30,politician_31,Party A,15th
31,politician_32,Party A,15th
32,politician_33,Party A,15th
33,politician_34,Party A,15th
34,politician_35,Party A,15th
35,politician_36,Party A,15th
36,politician_37,Party A,15th
37,politician_38,Party A,15th
38,politician_39,Party A,15th
39,politician_40,Party A,15th
40,politician_41,Party A,15th
41,politician_42,Party A,15th
42,politician_43,Party A,15th
43,politician_44,Party A,15th
44,politician_45,Party A,15th
45,politician_46,Party A,15th
46,politician_47,Party A,15th
47,politician_48,Party A,15th
48,politician_49,Party A,15th
49,politician_50,Party A,15th
50,politician_51,Party A,15th
51,politician_52,Party A,15th
52,politician_53,Party A,15th
53,politician_54,Party A,15th
54,politician_55,Party A,15th
55,politician_56,Party A,15th
56,politician_57,Party A,15th
57,politician_58,Party A,15th
58,politician_59,Party A,15th
59,politician_60,Party A,15th
60,politician_61,Party A,15th
61,politician_62,Party A,15th
62,politician_63,Party A,15th
63,politician_64,Party A,15th
64,politician_65,Party A,15th
65,politician_66,Party A,15th
66,politician_67,Party A,15th
67,politician_68,Party A,15th
68,politician_69,Party A,15th
69,politician_70,Party A,15th
70,politician_71,Party A,15th
71,politician_72,Party A,15th
72,politician_73,Party A,15th
73,politician_74,Party A,15th
74,politician_75,Party A,15th
75,politician_76,Party A,15th
76,politician_77,Party A,15th
77,politician_78,Party A,15th
78,politician_79,Party A,15th
79,politician_80,Party A,15th
80,politician_81,Party A,15th
81,politician_82,Party A,15th
82,politician_83,Party A,15th
83,politician_84,Party A,15th
84,politician_85,Party A,15th
85,politician_86,Party A,15th
86,politician_87,Party A,15th
87,politician_88,Party A,15th
88,politician_89,Party A,15th
89,politician_90,Party A,15th
90,politician_91,Party A,15th
91,politician_92,Party A,15th
92,politician_93,Party A,15th
93,politician_94,Party A,15th
94,politician_95,Party A,15th
95,politician_96,Party A,15th
96,politician_97,Party A,15th
97,politician_98,Party A,15th
98,politician_99,Party A,15th
99,politician_100,Party A,15th
100,politician_101,Party A,15th
101,politician_102,Party A,15th
102,politician_103,Party A,15th
103,politician_104,Party A,15th
104,politician_105,Party A,15th
105,politician_106,Party A,15th
106,politician_107,Party A,15th
107,politician_108,Party A,15th
108,politician_109,Party A,15th
109,politician_110,Party A,15th
110,politician_111,Party A,15th
111,politician_112,Party A,15th
112,politician_113,Party A,15th
113,politician_114,Party A,15th
114,politician_115,Party A,15th
115,politician_116,Party A,15th
116,politician_117,Party A,15th
117,politician_118,Party A,15th
118,politician_119,Party A,15th
119,politician_120,Party A,15th
120,politician_121,Party A,15th
121,politician_122,Party A,15th
122,politician_123,Party A,15th
123,politician_124,Party A,15th
124,politician_125,Party A,15th
125,politician_126,Party A,15th
126,politician_127,Party A,15th
127,politician_128,Party A,15th
128,politician_129,Party A,15th
129,politician_130,Party A,15th
130,politician_131,Party A,15th
131,politician_132,Party A,15th
132,politician_133,Party A,15th
133,politician_134,Party A,15th
134,politician_135,Party A,15th
135,politician_136,Party A,15th
136,politician_137,Party A,15th
137,politician_138,Party A,15th
138,politician_139,Party A,15th
139,politician_140,Party A,15th
140,politician_141,Party A,15th
141,politician_142,Party A,15th
142,politician_143,Party A,15th
143,politician_144,Party A,15th
144,politician_145,Party A,15th
145,politician_146,Party A,15th
146,politician_147,Party A,15th
147,politician_148,Party A,15th
148,politician_149,Party A,15th
149,politician_150,Party A,15th
150,politician_151,Party A,15th
151,politician_152,Party A,15th
152,politician_153,Party A,15th
153,politician_154,Party A,15th
154,politician_155,Party A,15th
155,politician_156,Party A,15th
156,politician_157,Party A,15th
157,politician_158,Party A,15th
158,politician_159,Party A,15th
159,politician_160,Party A,15th
160,politician_161,Party A,15th
161,politician_162,Party A,15th
162,politician_163,Party A,15th
163,politician_164,Party A,15th
164,politician_165,Party A,15th
165,politician_166,Party A,15th
166,politician_167,Party A,15th
167,politician_168,Party A,15th
168,politician_169,Party A,15th
169,politician_170,Party A,15th
170,politician_171,Party A,15th
171,politician_172,Party A,15th
172,politician_173,Party A,15th
173,politician_174,Party A,15th
174,politician_175,Party A,15th
175,politician_176,Party A,15th
176,politician_177,Party A,15th
177,politician_178,Party A,15th
178,politician_179,Party A,15th
179,politician_180,Party A,15th
180,politician_181,Party A,15th
181,politician_182,Party A,15th
182,politician_183,Party A,15th
183,politician_184,Party A,15th
184,politician_185,Party A,15th
185,politician_186,Party A,15th
186,politician_187,Party A,15th
187,politician_188,Party A,15th
188,politician_189,Party A,15th
189,politician_190,Party A,15th
190,politician_191,Party A,15th
191,politician_192,Party A,15th
192,politician_193,Party A,15th
193,politician_194,Party A,15th
194,politician_195,Party A,15th
195,politician_196,Party A,15th
196,politician_197,Party A,15th
197,politician_198,Party A,15th
198,politician_199,Party A,15th
199,politician_200,Party A,15th
200,politician_201,Party A,15th
201,politician_202,Party B,15th
202,politician_203,Party B,15th
203,politician_204,Party B,15th
204,politician_205,Party B,15th
205,politician_206,Party B,15th
206,politician_207,Party B,15th
207,politician_208,Party B,15th
208,politician_209,Party B,15th
209,politician_210,Party B,15th
210,politician_211,Party B,15th
211,politician_212,Party B,15th
212,politician_213,Party B,15th
213,politician_214,Party B,15th
214,politician_215,Party B,15th
215,politician_216,Party B,15th
216,politician_217,Party B,15th
217,politician_218,Party B,15th
218,politician_219,Party B,15th
219,politician_220,Party B,15th
220,politician_221,Party B,15th
221,politician_222,Party B,15th
222,politician_223,Party B,15th
223,politician_224,Party B,15th
224,politician_225,Party B,15th
225,politician_226,Party B,15th
226,politician_227,Party B,15th
227,politician_228,Party B,15th
228,politician_229,Party B,15th
229,politician_230,Party B,15th
230,politician_231,Party B,15th
231,politician_232,Party B,15th
232,politician_233,Party B,15th
233,politician_234,Party B,15th
234,politician_235,Party B,15th
235,politician_236,Party B,15th
236,politician_237,Party B,15th
237,politician_238,Party B,15th
238,politician_239,Party B,15th
239,politician_240,Party B,15th
240,politician_241,Party B,15th
241,politician_242,Party B,15th
242,politician_243,Party B,15th
243,politician_244,Party B,15th
244,politician_245,Party B,15th
245,politician_246,Party B,15th
246,politician_247,Party B,15th
247,politician_248,Party B,15th
248,politician_249,Party B,15th
249,politician_250,Party B,15th
250,politician_251,Party B,15th
251,politician_252,Party B,15th
252,politician_253,Party B,15th
253,politician_254,Party B,15th
254,politician_255,Party B,15th
255,politician_256,Party B,15th
256,politician_257,Party B,15th
257,politician_258,Party B,15th
258,politician_259,Party B,15th
259,politician_260,Party B,15th
260,politician_261,Party B,15th
261,politician_262,Party B,15th
262,politician_263,Party B,15th
263,politician_264,Party B,15th
264,politician_265,Party B,15th
265,politician_266,Party B,15th
266,politician_267,Party B,15th
267,politician_268,Party B,15th
268,politician_269,Party B,15th
269,politician_270,Party B,15th
270,politician_271,Party B,15th
271,politician_272,Party B,15th
272,politician_273,Party B,15th
273,politician_274,Party B,15th
274,politician_275,Party B,15th
275,politician_276,Party B,15th
276,politician_277,Party B,15th
277,politician_278,Party B,15th
278,politician_279,Party B,15th
279,politician_280,Party B,15th
280,politician_281,Party B,15th
281,politician_282,Party B,15th
282,politician_283,Party B,15th
283,politician_284,Party B,15th
284,politician_285,Party B,15th
285,politician_286,Party B,15th
286,politician_287,Party B,15th
287,politician_288,Party B,15th
288,politician_289,Party B,15th
289,politician_290,Party B,15th
290,politician_291,Party B,15th
291,politician_292,Party B,15th
292,politician_293,Party B,15th
293,politician_294,Party B,15th
294,politician_295,Party B,15th
295,politician_296,Party B,15th
296,politician_297,Party B,15th
297,politician_298,Party B,15th
298,politician_299,Party B,15th
299,politician_300,Party B,15th
300,politician_301,Party B,15th
301,politician_302,Party B,15th
302,politician_303,Party B,15th
303,politician_304,Party B,15th
304,politician_305,Party B,15th
305,politician_306,Party B,15th
306,politician_307,Party B,15th
307,politician_308,Party B,15th
308,politician_309,Party B,15th
309,politician_310,Party B,15th
310,politician_311,Party B,15th
311,politician_312,Party B,15th
312,politician_313,Party B,15th
313,politician_314,Party B,15th
314,politician_315,Party B,15th
315,politician_316,Party B,15th
316,politician_317,Party B,15th
317,politician_318,Party B,15th
318,politician_319,Party B,15th
319,politician_320,Party B,15th
320,politician_321,Party B,15th
321,politician_322,Party B,15th
322,politician_323,Party B,15th
323,politician_324,Party B,15th
324,politician_325,Party B,15th
325,politician_326,Party B,15th
326,politician_327,Party B,15th
327,politician_328,Party B,15th
328,politician_329,Party B,15th
329,politician_330,Party B,15th
330,politician_331,Party B,15th
331,politician_332,Party B,15th
332,politician_333,Party B,15th
333,politician_334,Party B,15th
334,politician_335,Party B,15th
335,politician_336,Party B,15th
336,politician_337,Party B,15th
337,politician_338,Party B,15th
338,politician_339,Party B,15th
339,politician_340,Party B,15th
340,politician_341,Party B,15th
341,politician_342,Party B,15th
342,politician_343,Party B,15th
343,politician_344,Party B,15th
344,politician_345,Party B,15th
345,politician_346,Party B,15th
346,politician_347,Party B,15th
347,politician_348,Party B,15th
348,politician_349,Party B,15th
349,politician_350,Party B,15th
350,politician_351,Party B,15th
351,politician_352,Party B,15th
352,politician_353,Party B,15th
353,politician_354,Party B,15th
354,politician_355,Party B,15th
355,politician_356,Party B,15th
356,politician_357,Party B,15th
357,politician_358,Party B,15th
358,politician_359,Party B,15th
359,politician_360,Party B,15th
360,politician_361,Party B,15th
361,politician_362,Party B,15th
362,politician_363,Party B,15th
363,politician_364,Party B,15th
364,politician_365,Party B,15th
365,politician_366,Party B,15th
366,politician_367,Party B,15th
367,politician_368,Party B,15th
368,politician_369,Party B,15th
369,politician_370,Party B,15th
370,politician_371,Party B,15th
371,politician_372,Party B,15th
372,politician_373,Party B,15th
373,politician_374,Party B,15th
374,politician_375,Party B,15th
375,politician_376,Party B,15th
376,politician_377,Party B,15th
377,politician_378,Party B,15th
378,politician_379,Party B,15th
379,politician_380,Party B,15th
380,politician_381,Party B,15th
381,politician_382,Party B,15th
382,politician_383,Party B,15th
383,politician_384,Party B,15th
384,politician_385,Party B,15th
385,politician_386,Party B,15th
386,politician_387,Party B,15th
387,politician_388,Party B,15th
388,politician_389,Party B,15th
389,politician_390,Party B,15th
390,politician_391,Party B,15th
391,politician_392,Party B,15th
392,politician_393,Party B,15th
393,politician_394,Party B,15th
394,politician_395,Party B,15th
395,politician_396,Party B,15th
396,politician_397,Party B,15th
397,politician_398,Party B,15th
398,politician_399,Party B,15th
399,politician_400,Party B,15th
400,politician_401,Party B,15th
401,politician_402,Party B,15th
402,politician_403,Party B,15th
403,politician_404,Party B,15th
404,politician_405,Party B,15th
405,politician_406,Party B,15th
406,politician_407,Party B,15th
407,politician_408,Party B,15th
408,politician_409,Party B,15th
409,politician_410,Party B,15th
410,politician_411,Party B,15th
411,politician_412,Party B,15th
412,politician_413,Party B,15th
413,politician_414,Party B,15th
414,politician_415,Party B,15th
415,politician_416,Party B,15th
416,politician_417,Party B,15th
417,politician_418,Party B,15th
418,politician_419,Party B,15th
419,politician_420,Party B,15th
420,politician_421,Party B,15th
421,politician_422,Party B,15th
422,politician_423,Party B,15th
423,politician_424,Party B,15th
424,politician_425,Party B,15th
425,politician_426,Party B,15th
426,politician_427,Party B,15th
427,politician_428,Party B,15th
428,politician_429,Party B,15th
429,politician_430,Party B,15th
430,politician_431,Party B,15th
431,politician_432,Party B,15th
432,politician_433,Party B,15th
433,politician_434,Party B,15th
434,politician_435,Party B,15th
435,politician_436,Party A,16th
436,politician_437,Party A,16th
437,politician_438,Party A,16th
438,politician_439,Party A,16th
439,politician_440,Party A,16th
440,politician_441,Party A,16th
441,politician_442,Party A,16th
442,politician_443,Party A,16th
443,politician_444,Party A,16th
444,politician_445,Party A,16th
445,politician_446,Party A,16th
446,politician_447,Party A,16th
447,politician_448,Party A,16th
448,politician_449,Party A,16th
449,politician_450,Party A,16th
450,politician_451,Party A,16th
451,politician_452,Party A,16th
452,politician_453,Party A,16th
453,politician_454,Party A,16th
454,politician_455,Party A,16th
455,politician_456,Party A,16th
456,politician_457,Party A,16th
457,politician_458,Party A,16th
458,politician_459,Party A,16th
459,politician_460,Party A,16th
460,politician_461,Party A,16th
461,politician_462,Party A,16th
462,politician_463,Party A,16th
463,politician_464,Party A,16th
464,politician_465,Party A,16th
465,politician_466,Party A,16th
466,politician_467,Party A,16th
467,politician_468,Party A,16th
468,politician_469,Party A,16th
469,politician_470,Party A,16th
470,politician_471,Party A,16th
471,politician_472,Party A,16th
472,politician_473,Party A,16th
473,politician_474,Party A,16th
474,politician_475,Party A,16th
475,politician_476,Party A,16th
476,politician_477,Party A,16th
477,politician_478,Party A,16th
478,politician_479,Party A,16th
479,politician_480,Party A,16th
480,politician_481,Party A,16th
481,politician_482,Party A,16th
482,politician_483,Party A,16th
483,politician_484,Party A,16th
484,politician_485,Party A,16th
485,politician_486,Party A,16th
486,politician_487,Party A,16th
487,politician_488,Party A,16th
488,politician_489,Party A,16th
489,politician_490,Party A,16th
490,politician_491,Party A,16th
491,politician_492,Party A,16th
492,politician_493,Party A,16th
493,politician_494,Party A,16th
494,politician_495,Party A,16th
495,politician_496,Party A,16th
496,politician_497,Party A,16th
497,politician_498,Party A,16th
498,politician_499,Party A,16th
499,politician_500,Party A,16th
500,politician_501,Party A,16th
501,politician_502,Party A,16th
502,politician_503,Party A,16th
503,politician_504,Party A,16th
504,politician_505,Party A,16th
505,politician_506,Party A,16th
506,politician_507,Party A,16th
507,politician_508,Party A,16th
508,politician_509,Party A,16th
509,politician_510,Party A,16th
510,politician_511,Party A,16th
511,politician_512,Party A,16th
512,politician_513,Party A,16th
513,politician_514,Party A,16th
514,politician_515,Party A,16th
515,politician_516,Party A,16th
516,politician_517,Party A,16th
517,politician_518,Party A,16th
518,politician_519,Party A,16th
519,politician_520,Party A,16th
520,politician_521,Party A,16th
521,politician_522,Party A,16th
522,politician_523,Party A,16th
523,politician_524,Party A,16th
524,politician_525,Party A,16th
525,politician_526,Party A,16th
526,politician_527,Party A,16th
527,politician_528,Party A,16th
528,politician_529,Party A,16th
529,politician_530,Party A,16th
530,politician_531,Party A,16th
531,politician_532,Party A,16th
532,politician_533,Party A,16th
533,politician_534,Party A,16th
534,politician_535,Party A,16th
535,politician_536,Party A,16th
536,politician_537,Party A,16th
537,politician_538,Party A,16th
538,politician_539,Party A,16th
539,politician_540,Party A,16th
540,politician_541,Party A,16th
541,politician_542,Party A,16th
542,politician_543,Party A,16th
543,politician_544,Party A,16th
544,politician_545,Party A,16th
545,politician_546,Party A,16th
546,politician_547,Party A,16th
547,politician_548,Party A,16th
548,politician_549,Party A,16th
549,politician_550,Party A,16th
550,politician_551,Party A,16th
551,politician_552,Party A,16th
552,politician_553,Party A,16th
553,politician_554,Party A,16th
554,politician_555,Party A,16th
555,politician_556,Party A,16th
556,politician_557,Party A,16th
557,politician_558,Party A,16th
558,politician_559,Party A,16th
559,politician_560,Party A,16th
560,politician_561,Party A,16th
561,politician_562,Party A,16th
562,politician_563,Party A,16th
563,politician_564,Party A,16th
564,politician_565,Party A,16th
565,politician_566,Party A,16th
566,politician_567,Party A,16th
567,politician_568,Party A,16th
568,politician_569,Party A,16th
569,politician_570,Party A,16th
570,politician_571,Party A,16th
571,politician_572,Party A,16th
572,politician_573,Party A,16th
573,politician_574,Party A,16th
574,politician_575,Party A,16th
575,politician_576,Party A,16th
576,politician_577,Party A,16th
577,politician_578,Party A,16th
578,politician_579,Party A,16th
579,politician_580,Party A,16th
580,politician_581,Party A,16th
581,politician_582,Party A,16th
582,politician_583,Party A,16th
583,politician_584,Party A,16th
584,politician_585,Party A,16th
585,politician_586,Party A,16th
586,politician_587,Party A,16th
587,politician_588,Party A,16th
588,politician_589,Party A,16th
589,politician_590,Party A,16th
590,politician_591,Party A,16th
591,politician_592,Party A,16th
592,politician_593,Party A,16th
593,politician_594,Party A,16th
594,politician_595,Party A,16th
595,politician_596,Party A,16th
596,politician_597,Party A,16th
597,politician_598,Party A,16th
598,politician_599,Party A,16th
599,politician_600,Party A,16th
600,politician_601,Party A,16th
601,politician_602,Party A,16th
602,politician_603,Party A,16th
603,politician_604,Party A,16th
604,politician_605,Party A,16th
605,politician_606,Party A,16th
606,politician_607,Party A,16th
607,politician_608,Party A,16th
608,politician_609,Party A,16th
609,politician_610,Party A,16th
610,politician_611,Party A,16th
611,politician_612,Party A,16th
612,politician_613,Party A,16th
613,politician_614,Party A,16th
614,politician_615,Party A,16th
615,politician_616,Party A,16th
616,politician_617,Party A,16th
617,politician_618,Party A,16th
618,politician_619,Party A,16th
619,politician_620,Party A,16th
620,politician_621,Party A,16th
621,politician_622,Party A,16th
622,politician_623,Party A,16th
623,politician_624,Party B,16th
624,politician_625,Party B,16th
625,politician_626,Party B,16th
626,politician_627,Party B,16th
627,politician_628,Party B,16th
628,politician_629,Party B,16th
629,politician_630,Party B,16th
630,politician_631,Party B,16th
631,politician_632,Party B,16th
632,politician_633,Party B,16th
633,politician_634,Party B,16th
634,politician_635,Party B,16th
635,politician_636,Party B,16th
636,politician_637,Party B,16th
637,politician_638,Party B,16th
638,politician_639,Party B,16th
639,politician_640,Party B,16th
640,politician_641,Party B,16th
641,politician_642,Party B,16th
642,politician_643,Party B,16th
643,politician_644,Party B,16th
644,politician_645,Party B,16th
645,politician_646,Party B,16th
646,politician_647,Party B,16th
647,politician_648,Party B,16th
648,politician_649,Party B,16th
649,politician_650,Party B,16th
650,politician_651,Party B,16th
651,politician_652,Party B,16th
652,politician_653,Party B,16th
653,politician_654,Party B,16th
654,politician_655,Party B,16th
655,politician_656,Party B,16th
656,politician_657,Party B,16th
657,politician_658,Party B,16th
658,politician_659,Party B,16th
659,politician_660,Party B,16th
660,politician_661,Party B,16th
661,politician_662,Party B,16th
662,politician_663,Party B,16th
663,politician_664,Party B,16th
664,politician_665,Party B,16th
665,politician_666,Party B,16th
666,politician_667,Party B,16th
667,politician_668,Party B,16th
668,politician_669,Party B,16th
669,politician_670,Party B,16th
670,politician_671,Party B,16th
671,politician_672,Party B,16th
672,politician_673,Party B,16th
673,politician_674,Party B,16th
674,politician_675,Party B,16th
675,politician_676,Party B,16th
676,politician_677,Party B,16th
677,politician_678,Party B,16th
678,politician_679,Party B,16th
679,politician_680,Party B,16th
680,politician_681,Party B,16th
681,politician_682,Party B,16th
682,politician_683,Party B,16th
683,politician_684,Party B,16th
684,politician_685,Party B,16th
685,politician_686,Party B,16th
686,politician_687,Party B,16th
687,politician_688,Party B,16th
688,politician_689,Party B,16th
689,politician_690,Party B,16th
690,politician_691,Party B,16th
691,politician_692,Party B,16th
692,politician_693,Party B,16th
693,politician_694,Party B,16th
694,politician_695,Party B,16th
695,politician_696,Party B,16th
696,politician_697,Party B,16th
697,politician_698,Party B,16th
698,politician_699,Party B,16th
699,politician_700,Party B,16th
700,politician_701,Party B,16th
701,politician_702,Party B,16th
702,politician_703,Party B,16th
703,politician_704,Party B,16th
704,politician_705,Party B,16th
705,politician_706,Party B,16th
706,politician_707,Party B,16th
707,politician_708,Party B,16th
708,politician_709,Party B,16th
709,politician_710,Party B,16th
710,politician_711,Party B,16th
711,politician_712,Party B,16th
712,politician_713,Party B,16th
713,politician_714,Party B,16th
714,politician_715,Party B,16th
715,politician_716,Party B,16th
716,politician_717,Party B,16th
717,politician_718,Party B,16th
718,politician_719,Party B,16th
719,politician_720,Party B,16th
720,politician_721,Party B,16th
721,politician_722,Party B,16th
722,politician_723,Party B,16th
723,politician_724,Party B,16th
724,politician_725,Party B,16th
725,politician_726,Party B,16th
726,politician_727,Party B,16th
727,politician_728,Party B,16th
728,politician_729,Party B,16th
729,politician_730,Party B,16th
730,politician_731,Party B,16th
731,politician_732,Party B,16th
732,politician_733,Party B,16th
733,politician_734,Party B,16th
734,politician_735,Party B,16th
735,politician_736,Party B,16th
736,politician_737,Party B,16th
737,politician_738,Party B,16th
738,politician_739,Party B,16th
739,politician_740,Party B,16th
740,politician_741,Party B,16th
741,politician_742,Party B,16th
742,politician_743,Party B,16th
743,politician_744,Party B,16th
744,politician_745,Party B,16th
745,politician_746,Party B,16th
746,politician_747,Party B,16th
747,politician_748,Party B,16th
748,politician_749,Party B,16th
749,politician_750,Party B,16th
750,politician_751,Party B,16th
751,politician_752,Party B,16th
752,politician_753,Party B,16th
753,politician_754,Party B,16th
754,politician_755,Party B,16th
755,politician_756,Party B,16th
756,politician_757,Party B,16th
757,politician_758,Party B,16th
758,politician_759,Party B,16th
759,politician_760,Party B,16th
760,politician_761,Party B,16th
761,politician_762,Party B,16th
762,politician_763,Party B,16th
763,politician_764,Party B,16th
764,politician_765,Party B,16th
765,politician_766,Party B,16th
766,politician_767,Party B,16th
767,politician_768,Party B,16th
768,politician_769,Party B,16th
769,politician_770,Party B,16th
770,politician_771,Party B,16th
771,politician_772,Party B,16th
772,politician_773,Party B,16th
773,politician_774,Party B,16th
774,politician_775,Party B,16th
775,politician_776,Party B,16th
776,politician_777,Party B,16th
777,politician_778,Party B,16th
778,politician_779,Party B,16th
779,politician_780,Party B,16th
780,politician_781,Party B,16th
781,politician_782,Party B,16th
782,politician_783,Party B,16th
783,politician_784,Party B,16th
784,politician_785,Party B,16th
785,politician_786,Party B,16th
786,politician_787,Party B,16th
787,politician_788,Party B,16th
788,politician_789,Party B,16th
789,politician_790,Party B,16th
790,politician_791,Party B,16th
791,politician_792,Party B,16th
792,politician_793,Party B,16th
793,politician_794,Party B,16th
794,politician_795,Party B,16th
795,politician_796,Party B,16th
796,politician_797,Party B,16th
797,politician_798,Party B,16th
798,politician_799,Party B,16th
799,politician_800,Party B,16th
800,politician_801,Party B,16th
801,politician_802,Party B,16th
802,politician_803,Party B,16th
803,politician_804,Party B,16th
804,politician_805,Party B,16th
805,politician_806,Party B,16th
806,politician_807,Party B,16th
807,politician_808,Party B,16th
808,politician_809,Party B,16th
809,politician_810,Party B,16th
810,politician_811,Party B,16th
811,politician_812,Party B,16th
812,politician_813,Party B,16th
813,politician_814,Party B,16th
814,politician_815,Party B,16th
815,politician_816,Party B,16th
816,politician_817,Party B,16th
817,politician_818,Party B,16th
818,politician_819,Party B,16th
819,politician_820,Party B,16th
820,politician_821,Party B,16th
821,politician_822,Party B,16th
822,politician_823,Party B,16th
823,politician_824,Party B,16th
824,politician_825,Party B,16th
825,politician_826,Party B,16th
826,politician_827,Party B,16th
827,politician_828,Party B,16th
828,politician_829,Party B,16th
829,politician_830,Party B,16th
830,politician_831,Party B,16th
831,politician_832,Party B,16th
832,politician_833,Party B,16th
833,politician_834,Party B,16th
834,politician_835,Party B,16th
835,politician_836,Party B,16th
836,politician_837,Party B,16th
837,politician_838,Party B,16th
838,politician_839,Party B,16th
839,politician_840,Party B,16th
840,politician_841,Party B,16th
841,politician_842,Party B,16th
842,politician_843,Party B,16th
843,politician_844,Party B,16th
844,politician_845,Party B,16th
845,politician_846,Party B,16th
846,politician_847,Party B,16th
847,politician_848,Party B,16th
848,politician_849,Party B,16th
849,politician_850,Party B,16th
850,politician_851,Party B,16th
851,politician_852,Party B,16th
852,politician_853,Party B,16th
853,politician_854,Party B,16th
854,politician_855,Party B,16th
855,politician_856,Party B,16th
856,politician_857,Party B,16th
857,politician_858,Party B,16th
858,politician_859,Party B,16th
859,politician_860,Party B,16th
860,politician_861,Party B,16th
861,politician_862,Party B,16th
862,politician_863,Party B,16th
863,politician_864,Party B,16th
864,politician_865,Party B,16th
865,politician_866,Party B,16th
866,politician_867,Party B,16th
867,politician_868,Party B,16th
868,politician_869,Party B,16th
869,politician_870,Party B,16th
870,politician_871,Party A,17th
871,politician_872,Party A,17th
872,politician_873,Party A,17th
873,politician_874,Party A,17th
874,politician_875,Party A,17th
875,politician_876,Party A,17th
876,politician_877,Party A,17th
877,politician_878,Party A,17th
878,politician_879,Party A,17th
879,politician_880,Party A,17th
880,politician_881,Party A,17th
881,politician_882,Party A,17th
882,politician_883,Party A,17th
883,politician_884,Party A,17th
884,politician_885,Party A,17th
885,politician_886,Party A,17th
886,politician_887,Party A,17th
887,politician_888,Party A,17th
888,politician_889,Party A,17th
889,politician_890,Party A,17th
890,politician_891,Party A,17th
891,politician_892,Party A,17th
892,politician_893,Party A,17th
893,politician_894,Party A,17th
894,politician_895,Party A,17th
895,politician_896,Party A,17th
896,politician_897,Party A,17th
897,politician_898,Party A,17th
898,politician_899,Party A,17th
899,politician_900,Party A,17th
900,politician_901,Party A,17th
901,politician_902,Party A,17th
902,politician_903,Party A,17th
903,politician_904,Party A,17th
904,politician_905,Party A,17th
905,politician_906,Party A,17th
906,politician_907,Party A,17th
907,politician_908,Party A,17th
908,politician_909,Party A,17th
909,politician_910,Party A,17th
910,politician_911,Party A,17th
911,politician_912,Party A,17th
912,politician_913,Party A,17th
913,politician_914,Party A,17th
914,politician_915,Party A,17th
915,politician_916,Party A,17th
916,politician_917,Party A,17th
917,politician_918,Party A,17th
918,politician_919,Party A,17th
919,politician_920,Party A,17th
920,politician_921,Party A,17th
921,politician_922,Party A,17th
922,politician_923,Party A,17th
923,politician_924,Party A,17th
924,politician_925,Party A,17th
925,politician_926,Party A,17th
926,politician_927,Party A,17th
927,politician_928,Party A,17th
928,politician_929,Party A,17th
929,politician_930,Party A,17th
930,politician_931,Party A,17th
931,politician_932,Party A,17th
932,politician_933,Party A,17th
933,politician_934,Party A,17th
934,politician_935,Party A,17th
935,politician_936,Party A,17th
936,politician_937,Party A,17th
937,politician_938,Party A,17th
938,politician_939,Party A,17th
939,politician_940,Party A,17th
940,politician_941,Party A,17th
941,politician_942,Party A,17th
942,politician_943,Party A,17th
943,politician_944,Party A,17th
944,politician_945,Party A,17th
945,politician_946,Party A,17th
946,politician_947,Party A,17th
947,politician_948,Party A,17th
948,politician_949,Party A,17th
949,politician_950,Party A,17th
950,politician_951,Party A,17th
951,politician_952,Party A,17th
952,politician_953,Party A,17th
953,politician_954,Party A,17th
954,politician_955,Party A,17th
955,politician_956,Party A,17th
956,politician_957,Party A,17th
957,politician_958,Party A,17th
958,politician_959,Party A,17th
959,politician_960,Party A,17th
960,politician_961,Party A,17th
961,politician_962,Party A,17th
962,politician_963,Party A,17th
963,politician_964,Party A,17th
964,politician_965,Party A,17th
965,politician_966,Party A,17th
966,politician_967,Party A,17th
967,politician_968,Party A,17th
968,politician_969,Party A,17th
969,politician_970,Party A,17th
970,politician_971,Party A,17th
971,politician_972,Party A,17th
972,politician_973,Party A,17th
973,politician_974,Party A,17th
974,politician_975,Party A,17th
975,politician_976,Party A,17th
976,politician_977,Party A,17th
977,politician_978,Party A,17th
978,politician_979,Party A,17th
979,politician_980,Party A,17th
980,politician_981,Party A,17th
981,politician_982,Party A,17th
982,politician_983,Party A,17th
983,politician_984,Party A,17th
984,politician_985,Party A,17th
985,politician_986,Party A,17th
986,politician_987,Party A,17th
987,politician_988,Party A,17th
988,politician_989,Party A,17th
989,politician_990,Party A,17th
990,politician_991,Party A,17th
991,politician_992,Party A,17th
992,politician_993,Party A,17th
993,politician_994,Party A,17th
994,politician_995,Party A,17th
995,politician_996,Party A,17th
996,politician_997,Party A,17th
997,politician_998,Party A,17th
998,politician_999,Party A,17th
999,politician_1000,Party A,17th
1000,politician_1001,Party A,17th
1001,politician_1002,Party A,17th
1002,politician_1003,Party A,17th
1003,politician_1004,Party A,17th
1004,politician_1005,Party A,17th
1005,politician_1006,Party A,17th
1006,politician_1007,Party A,17th
1007,politician_1008,Party A,17th
1008,politician_1009,Party A,17th
1009,politician_1010,Party A,17th
1010,politician_1011,Party A,17th
1011,politician_1012,Party A,17th
1012,politician_1013,Party A,17th
1013,politician_1014,Party A,17th
1014,politician_1015,Party A,17th
1015,politician_1016,Party A,17th
1016,politician_1017,Party A,17th
1017,politician_1018,Party A,17th
1018,politician_1019,Party A,17th
1019,politician_1020,Party A,17th
1020,politician_1021,Party A,17th
1021,politician_1022,Party A,17th
1022,politician_1023,Party A,17th
1023,politician_1024,Party A,17th
1024,politician_1025,Party A,17th
1025,politician_1026,Party A,17th
1026,politician_1027,Party A,17th
1027,politician_1028,Party A,17th
1028,politician_1029,Party A,17th
1029,politician_1030,Party A,17th
1030,politician_1031,Party A,17th
1031,politician_1032,Party A,17th
1032,politician_1033,Party A,17th
1033,politician_1034,Party A,17th
1034,politician_1035,Party A,17th
1035,politician_1036,Party A,17th
1036,politician_1037,Party A,17th
1037,politician_1038,Party A,17th
1038,politician_1039,Party A,17th
1039,politician_1040,Party A,17th
1040,politician_1041,Party A,17th
1041,politician_1042,Party A,17th
1042,politician_1043,Party A,17th
1043,politician_1044,Party A,17th
1044,politician_1045,Party A,17th
1045,politician_1046,Party A,17th
1046,politician_1047,Party A,17th
1047,politician_1048,Party A,17th
1048,politician_1049,Party A,17th
1049,politician_1050,Party A,17th
1050,politician_1051,Party A,17th
1051,politician_1052,Party A,17th
1052,politician_1053,Party A,17th
1053,politician_1054,Party A,17th
1054,politician_1055,Party A,17th
1055,politician_1056,Party A,17th
1056,politician_1057,Party A,17th
1057,politician_1058,Party A,17th
1058,politician_1059,Party A,17th
1059,politician_1060,Party A,17th
1060,politician_1061,Party A,17th
1061,politician_1062,Party A,17th
1062,politician_1063,Party A,17th
1063,politician_1064,Party A,17th
1064,politician_1065,Party B,17th
1065,politician_1066,Party B,17th
1066,politician_1067,Party B,17th
1067,politician_1068,Party B,17th
1068,politician_1069,Party B,17th
1069,politician_1070,Party B,17th
1070,politician_1071,Party B,17th
1071,politician_1072,Party B,17th
1072,politician_1073,Party B,17th
1073,politician_1074,Party B,17th
1074,politician_1075,Party B,17th
1075,politician_1076,Party B,17th
1076,politician_1077,Party B,17th
1077,politician_1078,Party B,17th
1078,politician_1079,Party B,17th
1079,politician_1080,Party B,17th
1080,politician_1081,Party B,17th
1081,politician_1082,Party B,17th
1082,politician_1083,Party B,17th
1083,politician_1084,Party B,17th
1084,politician_1085,Party B,17th
1085,politician_1086,Party B,17th
1086,politician_1087,Party B,17th
1087,politician_1088,Party B,17th
1088,politician_1089,Party B,17th
1089,politician_1090,Party B,17th
1090,politician_1091,Party B,17th
1091,politician_1092,Party B,17th
1092,politician_1093,Party B,17th
1093,politician_1094,Party B,17th
1094,politician_1095,Party B,17th
1095,politician_1096,Party B,17th
1096,politician_1097,Party B,17th
1097,politician_1098,Party B,17th
1098,politician_1099,Party B,17th
1099,politician_1100,Party B,17th
1100,politician_1101,Party B,17th
1101,politician_1102,Party B,17th
1102,politician_1103,Party B,17th
1103,politician_1104,Party B,17th
1104,politician_1105,Party B,17th
1105,politician_1106,Party B,17th
1106,politician_1107,Party B,17th
1107,politician_1108,Party B,17th
1108,politician_1109,Party B,17th
1109,politician_1110,Party B,17th
1110,politician_1111,Party B,17th
1111,politician_1112,Party B,17th
1112,politician_1113,Party B,17th
1113,politician_1114,Party B,17th
1114,politician_1115,Party B,17th
1115,politician_1116,Party B,17th
1116,politician_1117,Party B,17th
1117,politician_1118,Party B,17th
1118,politician_1119,Party B,17th
1119,politician_1120,Party B,17th
1120,politician_1121,Party B,17th
1121,politician_1122,Party B,17th
1122,politician_1123,Party B,17th
1123,politician_1124,Party B,17th
1124,politician_1125,Party B,17th
1125,politician_1126,Party B,17th
1126,politician_1127,Party B,17th
1127,politician_1128,Party B,17th
1128,politician_1129,Party B,17th
1129,politician_1130,Party B,17th
1130,politician_1131,Party B,17th
1131,politician_1132,Party B,17th
1132,politician_1133,Party B,17th
1133,politician_1134,Party B,17th
1134,politician_1135,Party B,17th
1135,politician_1136,Party B,17th
1136,politician_1137,Party B,17th
1137,politician_1138,Party B,17th
1138,politician_1139,Party B,17th
1139,politician_1140,Party B,17th
1140,politician_1141,Party B,17th
1141,politician_1142,Party B,17th
1142,politician_1143,Party B,17th
1143,politician_1144,Party B,17th
1144,politician_1145,Party B,17th
1145,politician_1146,Party B,17th
1146,politician_1147,Party B,17th
1147,politician_1148,Party B,17th
1148,politician_1149,Party B,17th
1149,politician_1150,Party B,17th
1150,politician_1151,Party B,17th
1151,politician_1152,Party B,17th
1152,politician_1153,Party B,17th
1153,politician_1154,Party B,17th
1154,politician_1155,Party B,17th
1155,politician_1156,Party B,17th
1156,politician_1157,Party B,17th
1157,politician_1158,Party B,17th
1158,politician_1159,Party B,17th
1159,politician_1160,Party B,17th
1160,politician_1161,Party B,17th
1161,politician_1162,Party B,17th
1162,politician_1163,Party B,17th
1163,politician_1164,Party B,17th
1164,politician_1165,Party B,17th
1165,politician_1166,Party B,17th
1166,politician_1167,Party B,17th
1167,politician_1168,Party B,17th
1168,politician_1169,Party B,17th
1169,politician_1170,Party B,17th
1170,politician_1171,Party B,17th
1171,politician_1172,Party B,17th
1172,politician_1173,Party B,17th
1173,politician_1174,Party B,17th
1174,politician_1175,Party B,17th
1175,politician_1176,Party B,17th
1176,politician_1177,Party B,17th
1177,politician_1178,Party B,17th
1178,politician_1179,Party B,17th
1179,politician_1180,Party B,17th
1180,politician_1181,Party B,17th
1181,politician_1182,Party B,17th
1182,politician_1183,Party B,17th
1183,politician_1184,Party B,17th
1184,politician_1185,Party B,17th
1185,politician_1186,Party B,17th
1186,politician_1187,Party B,17th
1187,politician_1188,Party B,17th
1188,politician_1189,Party B,17th
1189,politician_1190,Party B,17th
1190,politician_1191,Party B,17th
1191,politician_1192,Party B,17th
1192,politician_1193,Party B,17th
1193,politician_1194,Party B,17th
1194,politician_1195,Party B,17th
1195,politician_1196,Party B,17th
1196,politician_1197,Party B,17th
1197,politician_1198,Party B,17th
1198,politician_1199,Party B,17th
1199,politician_1200,Party B,17th
1200,politician_1201,Party B,17th
1201,politician_1202,Party B,17th
1202,politician_1203,Party B,17th
1203,politician_1204,Party B,17th
1204,politician_1205,Party B,17th
1205,politician_1206,Party B,17th
1206,politician_1207,Party B,17th
1207,politician_1208,Party B,17th
1208,politician_1209,Party B,17th
1209,politician_1210,Party B,17th
1210,politician_1211,Party B,17th
1211,politician_1212,Party B,17th
1212,politician_1213,Party B,17th
1213,politician_1214,Party B,17th
1214,politician_1215,Party B,17th
1215,politician_1216,Party B,17th
1216,politician_1217,Party B,17th
1217,politician_1218,Party B,17th
1218,politician_1219,Party B,17th
1219,politician_1220,Party B,17th
1220,politician_1221,Party B,17th
1221,politician_1222,Party B,17th
1222,politician_1223,Party B,17th
1223,politician_1224,Party B,17th
1224,politician_1225,Party B,17th
1225,politician_1226,Party B,17th
1226,politician_1227,Party B,17th
1227,politician_1228,Party B,17th
1228,politician_1229,Party B,17th
1229,politician_1230,Party B,17th
1230,politician_1231,Party B,17th
1231,politician_1232,Party B,17th
1232,politician_1233,Party B,17th
1233,politician_1234,Party B,17th
1234,politician_1235,Party B,17th
1235,politician_1236,Party B,17th
1236,politician_1237,Party B,17th
1237,politician_1238,Party B,17th
1238,politician_1239,Party B,17th
1239,politician_1240,Party B,17th
1240,politician_1241,Party B,17th
1241,politician_1242,Party B,17th
1242,politician_1243,Party B,17th
1243,politician_1244,Party B,17th
1244,politician_1245,Party B,17th
1245,politician_1246,Party B,17th
1246,politician_1247,Party B,17th
1247,politician_1248,Party B,17th
1248,politician_1249,Party B,17th
1249,politician_1250,Party B,17th
1250,politician_1251,Party B,17th
1251,politician_1252,Party B,17th
1252,politician_1253,Party B,17th
1253,politician_1254,Party B,17th
1254,politician_1255,Party B,17th
1255,politician_1256,Party B,17th
1256,politician_1257,Party B,17th
1257,politician_1258,Party B,17th
1258,politician_1259,Party B,17th
1259,politician_1260,Party B,17th
1260,politician_1261,Party B,17th
1261,politician_1262,Party B,17th
1262,politician_1263,Party B,17th
1263,politician_1264,Party B,17th
1264,politician_1265,Party B,17th
1265,politician_1266,Party B,17th
1266,politician_1267,Party B,17th
1267,politician_1268,Party B,17th
1268,politician_1269,Party B,17th
1269,politician_1270,Party B,17th
1270,politician_1271,Party B,17th
1271,politician_1272,Party B,17th
1272,politician_1273,Party B,17th
1273,politician_1274,Party B,17th
1274,politician_1275,Party B,17th
1275,politician_1276,Party B,17th
1276,politician_1277,Party B,17th
1277,politician_1278,Party B,17th
1278,politician_1279,Party B,17th
1279,politician_1280,Party B,17th
1280,politician_1281,Party B,17th
1281,politician_1282,Party B,17th
1282,politician_1283,Party B,17th
1283,politician_1284,Party B,17th
1284,politician_1285,Party B,17th
1285,politician_1286,Party B,17th
1286,politician_1287,Party B,17th
1287,politician_1288,Party B,17th
1288,politician_1289,Party B,17th
1289,politician_1290,Party B,17th
1290,politician_1291,Party B,17th
1291,politician_1292,Party B,17th
1292,politician_1293,Party B,17th
1293,politician_1294,Party B,17th
1294,politician_1295,Party B,17th
1295,politician_1296,Party B,17th
1296,politician_1297,Party B,17th
1297,politician_1298,Party B,17th
1298,politician_1299,Party B,17th
1299,politician_1300,Party B,17th
1300,politician_1301,Party B,17th
1301,politician_1302,Party B,17th
1302,politician_1303,Party B,17th
1303,politician_1304,Party B,17th
1304,politician_1305,Party B,17th
1305,politician_1306,Party A,18th
1306,politician_1307,Party A,18th
1307,politician_1308,Party A,18th
1308,politician_1309,Party A,18th
1309,politician_1310,Party A,18th
1310,politician_1311,Party A,18th
1311,politician_1312,Party A,18th
1312,politician_1313,Party A,18th
1313,politician_1314,Party A,18th
1314,politician_1315,Party A,18th
1315,politician_1316,Party A,18th
1316,politician_1317,Party A,18th
1317,politician_1318,Party A,18th
1318,politician_1319,Party A,18th
1319,politician_1320,Party A,18th
1320,politician_1321,Party A,18th
1321,politician_1322,Party A,18th
1322,politician_1323,Party A,18th
1323,politician_1324,Party A,18th
1324,politician_1325,Party A,18th
1325,politician_1326,Party A,18th
1326,politician_1327,Party A,18th
1327,politician_1328,Party A,18th
1328,politician_1329,Party A,18th
1329,politician_1330,Party A,18th
1330,politician_1331,Party A,18th
1331,politician_1332,Party A,18th
1332,politician_1333,Party A,18th
1333,politician_1334,Party A,18th
1334,politician_1335,Party A,18th
1335,politician_1336,Party A,18th
1336,politician_1337,Party A,18th
1337,politician_1338,Party A,18th
1338,politician_1339,Party A,18th
1339,politician_1340,Party A,18th
1340,politician_1341,Party A,18th
1341,politician_1342,Party A,18th
1342,politician_1343,Party A,18th
1343,politician_1344,Party A,18th
1344,politician_1345,Party A,18th
1345,politician_1346,Party A,18th
1346,politician_1347,Party A,18th
1347,politician_1348,Party A,18th
1348,politician_1349,Party A,18th
1349,politician_1350,Party A,18th
1350,politician_1351,Party A,18th
1351,politician_1352,Party A,18th
1352,politician_1353,Party A,18th
1353,politician_1354,Party A,18th
1354,politician_1355,Party A,18th
1355,politician_1356,Party A,18th
1356,politician_1357,Party A,18th
1357,politician_1358,Party A,18th
1358,politician_1359,Party A,18th
1359,politician_1360,Party A,18th
1360,politician_1361,Party A,18th
1361,politician_1362,Party A,18th
1362,politician_1363,Party A,18th
1363,politician_1364,Party A,18th
1364,politician_1365,Party A,18th
1365,politician_1366,Party A,18th
1366,politician_1367,Party A,18th
1367,politician_1368,Party A,18th
1368,politician_1369,Party A,18th
1369,politician_1370,Party A,18th
1370,politician_1371,Party A,18th
1371,politician_1372,Party A,18th
1372,politician_1373,Party A,18th
1373,politician_1374,Party A,18th
1374,politician_1375,Party A,18th
1375,politician_1376,Party A,18th
1376,politician_1377,Party A,18th
1377,politician_1378,Party A,18th
1378,politician_1379,Party A,18th
1379,politician_1380,Party A,18th
1380,politician_1381,Party A,18th
1381,politician_1382,Party A,18th
1382,politician_1383,Party A,18th
1383,politician_1384,Party A,18th
1384,politician_1385,Party A,18th
1385,politician_1386,Party A,18th
1386,politician_1387,Party A,18th
1387,politician_1388,Party A,18th
1388,politician_1389,Party A,18th
1389,politician_1390,Party A,18th
1390,politician_1391,Party A,18th
1391,politician_1392,Party A,18th
1392,politician_1393,Party A,18th
1393,politician_1394,Party A,18th
1394,politician_1395,Party A,18th
1395,politician_1396,Party A,18th
1396,politician_1397,Party A,18th
1397,politician_1398,Party A,18th
1398,politician_1399,Party A,18th
1399,politician_1400,Party A,18th
1400,politician_1401,Party A,18th
1401,politician_1402,Party A,18th
1402,politician_1403,Party A,18th
1403,politician_1404,Party A,18th
1404,politician_1405,Party A,18th
1405,politician_1406,Party A,18th
1406,politician_1407,Party A,18th
1407,politician_1408,Party A,18th
1408,politician_1409,Party A,18th
1409,politician_1410,Party A,18th
1410,politician_1411,Party A,18th
1411,politician_1412,Party A,18th
1412,politician_1413,Party A,18th
1413,politician_1414,Party A,18th
1414,politician_1415,Party A,18th
1415,politician_1416,Party A,18th
1416,politician_1417,Party A,18th
1417,politician_1418,Party A,18th
1418,politician_1419,Party A,18th
1419,politician_1420,Party A,18th
1420,politician_1421,Party A,18th
1421,politician_1422,Party A,18th
1422,politician_1423,Party A,18th
1423,politician_1424,Party A,18th
1424,politician_1425,Party A,18th
1425,politician_1426,Party A,18th
1426,politician_1427,Party A,18th
1427,politician_1428,Party A,18th
1428,politician_1429,Party A,18th
1429,politician_1430,Party A,18th
1430,politician_1431,Party A,18th
1431,politician_1432,Party A,18th
1432,politician_1433,Party A,18th
1433,politician_1434,Party A,18th
1434,politician_1435,Party A,18th
1435,politician_1436,Party A,18th
1436,politician_1437,Party A,18th
1437,politician_1438,Party A,18th
1438,politician_1439,Party A,18th
1439,politician_1440,Party A,18th
1440,politician_1441,Party A,18th
1441,politician_1442,Party A,18th
1442,politician_1443,Party A,18th
1443,politician_1444,Party A,18th
1444,politician_1445,Party A,18th
1445,politician_1446,Party A,18th
1446,politician_1447,Party A,18th
1447,politician_1448,Party A,18th
1448,politician_1449,Party A,18th
1449,politician_1450,Party A,18th
1450,politician_1451,Party A,18th
1451,politician_1452,Party A,18th
1452,politician_1453,Party A,18th
1453,politician_1454,Party A,18th
1454,politician_1455,Party A,18th
1455,politician_1456,Party A,18th
1456,politician_1457,Party A,18th
1457,politician_1458,Party A,18th
1458,politician_1459,Party A,18th
1459,politician_1460,Party A,18th
1460,politician_1461,Party A,18th
1461,politician_1462,Party A,18th
1462,politician_1463,Party A,18th
1463,politician_1464,Party A,18th
1464,politician_1465,Party A,18th
1465,politician_1466,Party A,18th
1466,politician_1467,Party A,18th
1467,politician_1468,Party A,18th
1468,politician_1469,Party A,18th
1469,politician_1470,Party A,18th
1470,politician_1471,Party A,18th
1471,politician_1472,Party A,18th
1472,politician_1473,Party A,18th
1473,politician_1474,Party A,18th
1474,politician_1475,Party A,18th
1475,politician_1476,Party A,18th
1476,politician_1477,Party A,18th
1477,politician_1478,Party A,18th
1478,politician_1479,Party A,18th
1479,politician_1480,Party A,18th
1480,politician_1481,Party A,18th
1481,politician_1482,Party A,18th
1482,politician_1483,Party A,18th
1483,politician_1484,Party A,18th
1484,politician_1485,Party A,18th
1485,politician_1486,Party A,18th
1486,politician_1487,Party A,18th
1487,politician_1488,Party A,18th
1488,politician_1489,Party A,18th
1489,politician_1490,Party A,18th
1490,politician_1491,Party A,18th
1491,politician_1492,Party A,18th
1492,politician_1493,Party A,18th
1493,politician_1494,Party A,18th
1494,politician_1495,Party A,18th
1495,politician_1496,Party A,18th
1496,politician_1497,Party A,18th
1497,politician_1498,Party A,18th
1498,politician_1499,Party A,18th
1499,politician_1500,Party A,18th
1500,politician_1501,Party A,18th
1501,politician_1502,Party A,18th
1502,politician_1503,Party A,18th
1503,politician_1504,Party A,18th
1504,politician_1505,Party A,18th
1505,politician_1506,Party A,18th
1506,politician_1507,Party A,18th
1507,politician_1508,Party A,18th
1508,politician_1509,Party A,18th
1509,politician_1510,Party A,18th
1510,politician_1511,Party A,18th
1511,politician_1512,Party A,18th
1512,politician_1513,Party A,18th
1513,politician_1514,Party A,18th
1514,politician_1515,Party A,18th
1515,politician_1516,Party A,18th
1516,politician_1517,Party A,18th
1517,politician_1518,Party A,18th
1518,politician_1519,Party A,18th
1519,politician_1520,Party A,18th
1520,politician_1521,Party A,18th
1521,politician_1522,Party A,18th
1522,politician_1523,Party A,18th
1523,politician_1524,Party A,18th
1524,politician_1525,Party A,18th
1525,politician_1526,Party A,18th
1526,politician_1527,Party A,18th
1527,politician_1528,Party A,18th
1528,politician_1529,Party A,18th
1529,politician_1530,Party A,18th
1530,politician_1531,Party A,18th
1531,politician_1532,Party A,18th
1532,politician_1533,Party A,18th
1533,politician_1534,Party A,18th
1534,politician_1535,Party A,18th
1535,politician_1536,Party A,18th
1536,politician_1537,Party A,18th
1537,politician_1538,Party A,18th
1538,politician_1539,Party A,18th
1539,politician_1540,Party A,18th
1540,politician_1541,Party B,18th
1541,politician_1542,Party B,18th
1542,politician_1543,Party B,18th
1543,politician_1544,Party B,18th
1544,politician_1545,Party B,18th
1545,politician_1546,Party B,18th
1546,politician_1547,Party B,18th
1547,politician_1548,Party B,18th
1548,politician_1549,Party B,18th
1549,politician_1550,Party B,18th
1550,politician_1551,Party B,18th
1551,politician_1552,Party B,18th
1552,politician_1553,Party B,18th
1553,politician_1554,Party B,18th
1554,politician_1555,Party B,18th
1555,politician_1556,Party B,18th
1556,politician_1557,Party B,18th
1557,politician_1558,Party B,18th
1558,politician_1559,Party B,18th
1559,politician_1560,Party B,18th
1560,politician_1561,Party B,18th
1561,politician_1562,Party B,18th
1562,politician_1563,Party B,18th
1563,politician_1564,Party B,18th
1564,politician_1565,Party B,18th
1565,politician_1566,Party B,18th
1566,politician_1567,Party B,18th
1567,politician_1568,Party B,18th
1568,politician_1569,Party B,18th
1569,politician_1570,Party B,18th
1570,politician_1571,Party B,18th
1571,politician_1572,Party B,18th
1572,politician_1573,Party B,18th
1573,politician_1574,Party B,18th
1574,politician_1575,Party B,18th
1575,politician_1576,Party B,18th
1576,politician_1577,Party B,18th
1577,politician_1578,Party B,18th
1578,politician_1579,Party B,18th
1579,politician_1580,Party B,18th
1580,politician_1581,Party B,18th
1581,politician_1582,Party B,18th
1582,politician_1583,Party B,18th
1583,politician_1584,Party B,18th
1584,politician_1585,Party B,18th
1585,politician_1586,Party B,18th
1586,politician_1587,Party B,18th
1587,politician_1588,Party B,18th
1588,politician_1589,Party B,18th
1589,politician_1590,Party B,18th
1590,politician_1591,Party B,18th
1591,politician_1592,Party B,18th
1592,politician_1593,Party B,18th
1593,politician_1594,Party B,18th
1594,politician_1595,Party B,18th
1595,politician_1596,Party B,18th
1596,politician_1597,Party B,18th
1597,politician_1598,Party B,18th
1598,politician_1599,Party B,18th
1599,politician_1600,Party B,18th
1600,politician_1601,Party B,18th
1601,politician_1602,Party B,18th
1602,politician_1603,Party B,18th
1603,politician_1604,Party B,18th
1604,politician_1605,Party B,18th
1605,politician_1606,Party B,18th
1606,politician_1607,Party B,18th
1607,politician_1608,Party B,18th
1608,politician_1609,Party B,18th
1609,politician_1610,Party B,18th
1610,politician_1611,Party B,18th
1611,politician_1612,Party B,18th
1612,politician_1613,Party B,18th
1613,politician_1614,Party B,18th
1614,politician_1615,Party B,18th
1615,politician_1616,Party B,18th
1616,politician_1617,Party B,18th
1617,politician_1618,Party B,18th
1618,politician_1619,Party B,18th
1619,politician_1620,Party B,18th
1620,politician_1621,Party B,18th
1621,politician_1622,Party B,18th
1622,politician_1623,Party B,18th
1623,politician_1624,Party B,18th
1624,politician_1625,Party B,18th
1625,politician_1626,Party B,18th
1626,politician_1627,Party B,18th
1627,politician_1628,Party B,18th
1628,politician_1629,Party B,18th
1629,politician_1630,Party B,18th
1630,politician_1631,Party B,18th
1631,politician_1632,Party B,18th
1632,politician_1633,Party B,18th
1633,politician_1634,Party B,18th
1634,politician_1635,Party B,18th
1635,politician_1636,Party B,18th
1636,politician_1637,Party B,18th
1637,politician_1638,Party B,18th
1638,politician_1639,Party B,18th
1639,politician_1640,Party B,18th
1640,politician_1641,Party B,18th
1641,politician_1642,Party B,18th
1642,politician_1643,Party B,18th
1643,politician_1644,Party B,18th
1644,politician_1645,Party B,18th
1645,politician_1646,Party B,18th
1646,politician_1647,Party B,18th
1647,politician_1648,Party B,18th
1648,politician_1649,Party B,18th
1649,politician_1650,Party B,18th
1650,politician_1651,Party B,18th
1651,politician_1652,Party B,18th
1652,politician_1653,Party B,18th
1653,politician_1654,Party B,18th
1654,politician_1655,Party B,18th
1655,politician_1656,Party B,18th
1656,politician_1657,Party B,18th
1657,politician_1658,Party B,18th
1658,politician_1659,Party B,18th
1659,politician_1660,Party B,18th
1660,politician_1661,Party B,18th
1661,politician_1662,Party B,18th
1662,politician_1663,Party B,18th
1663,politician_1664,Party B,18th
1664,politician_1665,Party B,18th
1665,politician_1666,Party B,18th
1666,politician_1667,Party B,18th
1667,politician_1668,Party B,18th
1668,politician_1669,Party B,18th
1669,politician_1670,Party B,18th
1670,politician_1671,Party B,18th
1671,politician_1672,Party B,18th
1672,politician_1673,Party B,18th
1673,politician_1674,Party B,18th
1674,politician_1675,Party B,18th
1675,politician_1676,Party B,18th
1676,politician_1677,Party B,18th
1677,politician_1678,Party B,18th
1678,politician_1679,Party B,18th
1679,politician_1680,Party B,18th
1680,politician_1681,Party B,18th
1681,politician_1682,Party B,18th
1682,politician_1683,Party B,18th
1683,politician_1684,Party B,18th
1684,politician_1685,Party B,18th
1685,politician_1686,Party B,18th
1686,politician_1687,Party B,18th
1687,politician_1688,Party B,18th
1688,politician_1689,Party B,18th
1689,politician_1690,Party B,18th
1690,politician_1691,Party B,18th
1691,politician_1692,Party B,18th
1692,politician_1693,Party B,18th
1693,politician_1694,Party B,18th
1694,politician_1695,Party B,18th
1695,politician_1696,Party B,18th
1696,politician_1697,Party B,18th
1697,politician_1698,Party B,18th
1698,politician_1699,Party B,18th
1699,politician_1700,Party B,18th
1700,politician_1701,Party B,18th
1701,politician_1702,Party B,18th
1702,politician_1703,Party B,18th
1703,politician_1704,Party B,18th
1704,politician_1705,Party B,18th
1705,politician_1706,Party B,18th
1706,politician_1707,Party B,18th
1707,politician_1708,Party B,18th
1708,politician_1709,Party B,18th
1709,politician_1710,Party B,18th
1710,politician_1711,Party B,18th
1711,politician_1712,Party B,18th
1712,politician_1713,Party B,18th
1713,politician_1714,Party B,18th
1714,politician_1715,Party B,18th
1715,politician_1716,Party B,18th
1716,politician_1717,Party B,18th
1717,politician_1718,Party B,18th
1718,politician_1719,Party B,18th
1719,politician_1720,Party B,18th
1720,politician_1721,Party B,18th
1721,politician_1722,Party B,18th
1722,politician_1723,Party B,18th
1723,politician_1724,Party B,18th
1724,politician_1725,Party B,18th
1725,politician_1726,Party B,18th
1726,politician_1727,Party B,18th
1727,politician_1728,Party B,18th
1728,politician_1729,Party B,18th
1729,politician_1730,Party B,18th
1730,politician_1731,Party B,18th
1731,politician_1732,Party B,18th
1732,politician_1733,Party B,18th
1733,politician_1734,Party B,18th
1734,politician_1735,Party B,18th
1735,politician_1736,Party B,18th
1736,politician_1737,Party B,18th
1737,politician_1738,Party B,18th
1738,politician_1739,Party B,18th
1739,politician_1740,Party B,18th
1740,politician_1741,Party A,19th
1741,politician_1742,Party A,19th
1742,politician_1743,Party A,19th
1743,politician_1744,Party A,19th
1744,politician_1745,Party A,19th
1745,politician_1746,Party A,19th
1746,politician_1747,Party A,19th
1747,politician_1748,Party A,19th
1748,politician_1749,Party A,19th
1749,politician_1750,Party A,19th
1750,politician_1751,Party A,19th
1751,politician_1752,Party A,19th
1752,politician_1753,Party A,19th
1753,politician_1754,Party A,19th
1754,politician_1755,Party A,19th
1755,politician_1756,Party A,19th
1756,politician_1757,Party A,19th
1757,politician_1758,Party A,19th
1758,politician_1759,Party A,19th
1759,politician_1760,Party A,19th
1760,politician_1761,Party A,19th
1761,politician_1762,Party A,19th
1762,politician_1763,Party A,19th
1763,politician_1764,Party A,19th
1764,politician_1765,Party A,19th
1765,politician_1766,Party A,19th
1766,politician_1767,Party A,19th
1767,politician_1768,Party A,19th
1768,politician_1769,Party A,19th
1769,politician_1770,Party A,19th
1770,politician_1771,Party A,19th
1771,politician_1772,Party A,19th
1772,politician_1773,Party A,19th
1773,politician_1774,Party A,19th
1774,politician_1775,Party A,19th
1775,politician_1776,Party A,19th
1776,politician_1777,Party A,19th
1777,politician_1778,Party A,19th
1778,politician_1779,Party A,19th
1779,politician_1780,Party A,19th
1780,politician_1781,Party A,19th
1781,politician_1782,Party A,19th
1782,politician_1783,Party A,19th
1783,politician_1784,Party A,19th
1784,politician_1785,Party A,19th
1785,politician_1786,Party A,19th
1786,politician_1787,Party A,19th
1787,politician_1788,Party A,19th
1788,politician_1789,Party A,19th
1789,politician_1790,Party A,19th
1790,politician_1791,Party A,19th
1791,politician_1792,Party A,19th
1792,politician_1793,Party A,19th
1793,politician_1794,Party A,19th
1794,politician_1795,Party A,19th
1795,politician_1796,Party A,19th
1796,politician_1797,Party A,19th
1797,politician_1798,Party A,19th
1798,politician_1799,Party A,19th
1799,politician_1800,Party A,19th
1800,politician_1801,Party A,19th
1801,politician_1802,Party A,19th
1802,politician_1803,Party A,19th
1803,politician_1804,Party A,19th
1804,politician_1805,Party A,19th
1805,politician_1806,Party A,19th
1806,politician_1807,Party A,19th
1807,politician_1808,Party A,19th
1808,politician_1809,Party A,19th
1809,politician_1810,Party A,19th
1810,politician_1811,Party A,19th
1811,politician_1812,Party A,19th
1812,politician_1813,Party A,19th
1813,politician_1814,Party A,19th
1814,politician_1815,Party A,19th
1815,politician_1816,Party A,19th
1816,politician_1817,Party A,19th
1817,politician_1818,Party A,19th
1818,politician_1819,Party A,19th
1819,politician_1820,Party A,19th
1820,politician_1821,Party A,19th
1821,politician_1822,Party A,19th
1822,politician_1823,Party A,19th
1823,politician_1824,Party A,19th
1824,politician_1825,Party A,19th
1825,politician_1826,Party A,19th
1826,politician_1827,Party A,19th
1827,politician_1828,Party A,19th
1828,politician_1829,Party A,19th
1829,politician_1830,Party A,19th
1830,politician_1831,Party A,19th
1831,politician_1832,Party A,19th
1832,politician_1833,Party A,19th
1833,politician_1834,Party A,19th
1834,politician_1835,Party A,19th
1835,politician_1836,Party A,19th
1836,politician_1837,Party A,19th
1837,politician_1838,Party A,19th
1838,politician_1839,Party A,19th
1839,politician_1840,Party A,19th
1840,politician_1841,Party A,19th
1841,politician_1842,Party A,19th
1842,politician_1843,Party A,19th
1843,politician_1844,Party A,19th
1844,politician_1845,Party A,19th
1845,politician_1846,Party A,19th
1846,politician_1847,Party A,19th
1847,politician_1848,Party A,19th
1848,politician_1849,Party A,19th
1849,politician_1850,Party A,19th
1850,politician_1851,Party A,19th
1851,politician_1852,Party A,19th
1852,politician_1853,Party A,19th
1853,politician_1854,Party A,19th
1854,politician_1855,Party A,19th
1855,politician_1856,Party A,19th
1856,politician_1857,Party A,19th
1857,politician_1858,Party A,19th
1858,politician_1859,Party A,19th
1859,politician_1860,Party A,19th
1860,politician_1861,Party A,19th
1861,politician_1862,Party A,19th
1862,politician_1863,Party A,19th
1863,politician_1864,Party A,19th
1864,politician_1865,Party A,19th
1865,politician_1866,Party A,19th
1866,politician_1867,Party A,19th
1867,politician_1868,Party A,19th
1868,politician_1869,Party A,19th
1869,politician_1870,Party A,19th
1870,politician_1871,Party A,19th
1871,politician_1872,Party A,19th
1872,politician_1873,Party A,19th
1873,politician_1874,Party A,19th
1874,politician_1875,Party A,19th
1875,politician_1876,Party A,19th
1876,politician_1877,Party A,19th
1877,politician_1878,Party A,19th
1878,politician_1879,Party A,19th
1879,politician_1880,Party A,19th
1880,politician_1881,Party A,19th
1881,politician_1882,Party A,19th
1882,politician_1883,Party A,19th
1883,politician_1884,Party A,19th
1884,politician_1885,Party A,19th
1885,politician_1886,Party A,19th
1886,politician_1887,Party A,19th
1887,politician_1888,Party A,19th
1888,politician_1889,Party A,19th
1889,politician_1890,Party A,19th
1890,politician_1891,Party A,19th
1891,politician_1892,Party A,19th
1892,politician_1893,Party A,19th
1893,politician_1894,Party A,19th
1894,politician_1895,Party A,19th
1895,politician_1896,Party A,19th
1896,politician_1897,Party A,19th
1897,politician_1898,Party A,19th
1898,politician_1899,Party A,19th
1899,politician_1900,Party A,19th
1900,politician_1901,Party A,19th
1901,politician_1902,Party A,19th
1902,politician_1903,Party A,19th
1903,politician_1904,Party A,19th
1904,politician_1905,Party A,19th
1905,politician_1906,Party A,19th
1906,politician_1907,Party A,19th
1907,politician_1908,Party A,19th
1908,politician_1909,Party A,19th
1909,politician_1910,Party A,19th
1910,politician_1911,Party A,19th
1911,politician_1912,Party A,19th
1912,politician_1913,Party A,19th
1913,politician_1914,Party A,19th
1914,politician_1915,Party A,19th
1915,politician_1916,Party A,19th
1916,politician_1917,Party A,19th
1917,politician_1918,Party A,19th
1918,politician_1919,Party A,19th
1919,politician_1920,Party A,19th
1920,politician_1921,Party A,19th
1921,politician_1922,Party A,19th
1922,politician_1923,Party A,19th
1923,politician_1924,Party A,19th
1924,politician_1925,Party A,19th
1925,politician_1926,Party A,19th
1926,politician_1927,Party A,19th
1927,politician_1928,Party A,19th
1928,politician_1929,Party A,19th
1929,politician_1930,Party A,19th
1930,politician_1931,Party A,19th
1931,politician_1932,Party A,19th
1932,politician_1933,Party A,19th
1933,politician_1934,Party A,19th
1934,politician_1935,Party A,19th
1935,politician_1936,Party A,19th
1936,politician_1937,Party A,19th
1937,politician_1938,Party A,19th
1938,politician_1939,Party A,19th
1939,politician_1940,Party A,19th
1940,politician_1941,Party A,19th
1941,politician_1942,Party A,19th
1942,politician_1943,Party A,19th
1943,politician_1944,Party A,19th
1944,politician_1945,Party A,19th
1945,politician_1946,Party A,19th
1946,politician_1947,Party A,19th
1947,politician_1948,Party A,19th
1948,politician_1949,Party A,19th
1949,politician_1950,Party A,19th
1950,politician_1951,Party A,19th
1951,politician_1952,Party A,19th
1952,politician_1953,Party A,19th
1953,politician_1954,Party A,19th
1954,politician_1955,Party A,19th
1955,politician_1956,Party A,19th
1956,politician_1957,Party A,19th
1957,politician_1958,Party A,19th
1958,politician_1959,Party A,19th
1959,politician_1960,Party A,19th
1960,politician_1961,Party A,19th
1961,politician_1962,Party A,19th
1962,politician_1963,Party B,19th
1963,politician_1964,Party B,19th
1964,politician_1965,Party B,19th
1965,politician_1966,Party B,19th
1966,politician_1967,Party B,19th
1967,politician_1968,Party B,19th
1968,politician_1969,Party B,19th
1969,politician_1970,Party B,19th
1970,politician_1971,Party B,19th
1971,politician_1972,Party B,19th
1972,politician_1973,Party B,19th
1973,politician_1974,Party B,19th
1974,politician_1975,Party B,19th
1975,politician_1976,Party B,19th
1976,politician_1977,Party B,19th
1977,politician_1978,Party B,19th
1978,politician_1979,Party B,19th
1979,politician_1980,Party B,19th
1980,politician_1981,Party B,19th
1981,politician_1982,Party B,19th
1982,politician_1983,Party B,19th
1983,politician_1984,Party B,19th
1984,politician_1985,Party B,19th
1985,politician_1986,Party B,19th
1986,politician_1987,Party B,19th
1987,politician_1988,Party B,19th
1988,politician_1989,Party B,19th
1989,politician_1990,Party B,19th
1990,politician_1991,Party B,19th
1991,politician_1992,Party B,19th
1992,politician_1993,Party B,19th
1993,politician_1994,Party B,19th
1994,politician_1995,Party B,19th
1995,politician_1996,Party B,19th
1996,politician_1997,Party B,19th
1997,politician_1998,Party B,19th
1998,politician_1999,Party B,19th
1999,politician_2000,Party B,19th
2000,politician_2001,Party B,19th
2001,politician_2002,Party B,19th
2002,politician_2003,Party B,19th
2003,politician_2004,Party B,19th
2004,politician_2005,Party B,19th
2005,politician_2006,Party B,19th
2006,politician_2007,Party B,19th
2007,politician_2008,Party B,19th
2008,politician_2009,Party B,19th
2009,politician_2010,Party B,19th
2010,politician_2011,Party B,19th
2011,politician_2012,Party B,19th
2012,politician_2013,Party B,19th
2013,politician_2014,Party B,19th
2014,politician_2015,Party B,19th
2015,politician_2016,Party B,19th
2016,politician_2017,Party B,19th
2017,politician_2018,Party B,19th
2018,politician_2019,Party B,19th
2019,politician_2020,Party B,19th
2020,politician_2021,Party B,19th
2021,politician_2022,Party B,19th
2022,politician_2023,Party B,19th
2023,politician_2024,Party B,19th
2024,politician_2025,Party B,19th
2025,politician_2026,Party B,19th
2026,politician_2027,Party B,19th
2027,politician_2028,Party B,19th
2028,politician_2029,Party B,19th
2029,politician_2030,Party B,19th
2030,politician_2031,Party B,19th
2031,politician_2032,Party B,19th
2032,politician_2033,Party B,19th
2033,politician_2034,Party B,19th
2034,politician_2035,Party B,19th
2035,politician_2036,Party B,19th
2036,politician_2037,Party B,19th
2037,politician_2038,Party B,19th
2038,politician_2039,Party B,19th
2039,politician_2040,Party B,19th
2040,politician_2041,Party B,19th
2041,politician_2042,Party B,19th
2042,politician_2043,Party B,19th
2043,politician_2044,Party B,19th
2044,politician_2045,Party B,19th
2045,politician_2046,Party B,19th
2046,politician_2047,Party B,19th
2047,politician_2048,Party B,19th
2048,politician_2049,Party B,19th
2049,politician_2050,Party B,19th
2050,politician_2051,Party B,19th
2051,politician_2052,Party B,19th
2052,politician_2053,Party B,19th
2053,politician_2054,Party B,19th
2054,politician_2055,Party B,19th
2055,politician_2056,Party B,19th
2056,politician_2057,Party B,19th
2057,politician_2058,Party B,19th
2058,politician_2059,Party B,19th
2059,politician_2060,Party B,19th
2060,politician_2061,Party B,19th
2061,politician_2062,Party B,19th
2062,politician_2063,Party B,19th
2063,politician_2064,Party B,19th
2064,politician_2065,Party B,19th
2065,politician_2066,Party B,19th
2066,politician_2067,Party B,19th
2067,politician_2068,Party B,19th
2068,politician_2069,Party B,19th
2069,politician_2070,Party B,19th
2070,politician_2071,Party B,19th
2071,politician_2072,Party B,19th
2072,politician_2073,Party B,19th
2073,politician_2074,Party B,19th
2074,politician_2075,Party B,19th
2075,politician_2076,Party B,19th
2076,politician_2077,Party B,19th
2077,politician_2078,Party B,19th
2078,politician_2079,Party B,19th
2079,politician_2080,Party B,19th
2080,politician_2081,Party B,19th
2081,politician_2082,Party B,19th
2082,politician_2083,Party B,19th
2083,politician_2084,Party B,19th
2084,politician_2085,Party B,19th
2085,politician_2086,Party B,19th
2086,politician_2087,Party B,19th
2087,politician_2088,Party B,19th
2088,politician_2089,Party B,19th
2089,politician_2090,Party B,19th
2090,politician_2091,Party B,19th
2091,politician_2092,Party B,19th
2092,politician_2093,Party B,19th
2093,politician_2094,Party B,19th
2094,politician_2095,Party B,19th
2095,politician_2096,Party B,19th
2096,politician_2097,Party B,19th
2097,politician_2098,Party B,19th
2098,politician_2099,Party B,19th
2099,politician_2100,Party B,19th
2100,politician_2101,Party B,19th
2101,politician_2102,Party B,19th
2102,politician_2103,Party B,19th
2103,politician_2104,Party B,19th
2104,politician_2105,Party B,19th
2105,politician_2106,Party B,19th
2106,politician_2107,Party B,19th
2107,politician_2108,Party B,19th
2108,politician_2109,Party B,19th
2109,politician_2110,Party B,19th
2110,politician_2111,Party B,19th
2111,politician_2112,Party B,19th
2112,politician_2113,Party B,19th
2113,politician_2114,Party B,19th
2114,politician_2115,Party B,19th
2115,politician_2116,Party B,19th
2116,politician_2117,Party B,19th
2117,politician_2118,Party B,19th
2118,politician_2119,Party B,19th
2119,politician_2120,Party B,19th
2120,politician_2121,Party B,19th
2121,politician_2122,Party B,19th
2122,politician_2123,Party B,19th
2123,politician_2124,Party B,19th
2124,politician_2125,Party B,19th
2125,politician_2126,Party B,19th
2126,politician_2127,Party B,19th
2127,politician_2128,Party B,19th
2128,politician_2129,Party B,19th
2129,politician_2130,Party B,19th
2130,politician_2131,Party B,19th
2131,politician_2132,Party B,19th
2132,politician_2133,Party B,19th
2133,politician_2134,Party B,19th
2134,politician_2135,Party B,19th
2135,politician_2136,Party B,19th
2136,politician_2137,Party B,19th
2137,politician_2138,Party B,19th
2138,politician_2139,Party B,19th
2139,politician_2140,Party B,19th
2140,politician_2141,Party B,19th
2141,politician_2142,Party B,19th
2142,politician_2143,Party B,19th
2143,politician_2144,Party B,19th
2144,politician_2145,Party B,19th
2145,politician_2146,Party B,19th
2146,politician_2147,Party B,19th
2147,politician_2148,Party B,19th
2148,politician_2149,Party B,19th
2149,politician_2150,Party B,19th
2150,politician_2151,Party B,19th
2151,politician_2152,Party B,19th
2152,politician_2153,Party B,19th
2153,politician_2154,Party B,19th
2154,politician_2155,Party B,19th
2155,politician_2156,Party B,19th
2156,politician_2157,Party B,19th
2157,politician_2158,Party B,19th
2158,politician_2159,Party B,19th
2159,politician_2160,Party B,19th
2160,politician_2161,Party B,19th
2161,politician_2162,Party B,19th
2162,politician_2163,Party B,19th
2163,politician_2164,Party B,19th
2164,politician_2165,Party B,19th
2165,politician_2166,Party B,19th
2166,politician_2167,Party B,19th
2167,politician_2168,Party B,19th
2168,politician_2169,Party B,19th
2169,politician_2170,Party B,19th
2170,politician_2171,Party B,19th
2171,politician_2172,Party B,19th
2172,politician_2173,Party B,19th
2173,politician_2174,Party B,19th
2174,politician_2175,Party B,19th
